{"nm":"mic","mn":"","layers":[{"ty":4,"nm":"bottom","mn":"","sr":1,"st":0,"op":720,"ip":0,"hd":false,"cl":"","ln":"","ddd":0,"bm":0,"hasMask":false,"ao":0,"ks":{"a":{"a":0,"k":[99.995,99.995,0],"ix":1},"s":{"a":0,"k":[100,100,100],"ix":6},"sk":{"a":0,"k":0},"p":{"a":0,"k":[99.995,99.995,0],"ix":2},"sa":{"a":0,"k":0},"o":{"a":0,"k":100,"ix":11},"r":{"a":0,"k":0,"ix":10}},"ef":[],"shapes":[{"ty":"gr","bm":0,"cl":"","ln":"","hd":false,"mn":"ADBE Vector Group","nm":"Group 1","ix":1,"cix":2,"np":2,"it":[{"ty":"sh","bm":0,"cl":"","ln":"","hd":false,"mn":"ADBE Vector Shape - Group","nm":"Path 1","ix":1,"d":1,"ks":{"a":0,"k":{"c":true,"i":[[3.741,0],[0,-3.741],[1.955,-5.433],[22.102,0],[7.341,20.359],[0,5.829],[3.741,0],[0,-3.741],[-2.49,-6.915],[-25.14,-2.432],[0,-0.008],[0,0],[-3.741,0],[0,3.741],[0,0],[0.001,0.027],[-8.463,23.48],[0,7.402]],"o":[[-3.741,0],[0,5.829],[-7.35,20.359],[-22.102,0],[-1.96,-5.433],[0,-3.741],[-3.741,0],[0,7.402],[8.555,23.714],[0,0.007],[0,0],[0,3.741],[3.741,0],[0,0],[0,-0.029],[24.83,-2.683],[2.494,-6.915],[0,-3.741]],"v":[[58.954,-50.204],[52.18,-43.43],[49.232,-26.453],[-0.003,7.585],[-49.229,-26.453],[-52.18,-43.43],[-58.954,-50.204],[-65.727,-43.43],[-61.973,-21.861],[-6.395,20.639],[-6.398,20.661],[-6.398,43.43],[0.376,50.203],[7.149,43.43],[7.149,20.661],[7.133,20.582],[61.967,-21.861],[65.727,-43.43]]},"ix":2}},{"ty":"fl","bm":0,"cl":"","ln":"","hd":false,"mn":"ADBE Vector Graphic - Fill","nm":"Fill 1","c":{"a":0,"k":[0.1608,0.7294,0.902],"ix":4},"r":1,"o":{"a":0,"k":100,"ix":5}},{"ty":"tr","a":{"a":0,"k":[0,0],"ix":1},"s":{"a":0,"k":[100,100],"ix":3},"sk":{"a":0,"k":0,"ix":4},"p":{"a":0,"k":[99.94,145.269],"ix":2},"r":{"a":0,"k":0,"ix":6},"sa":{"a":0,"k":0,"ix":5},"o":{"a":0,"k":100,"ix":7}}]}],"ind":1},{"ty":4,"nm":"top","mn":"","sr":1,"st":0,"op":720,"ip":0,"hd":false,"cl":"","ln":"","ddd":0,"bm":0,"hasMask":false,"ao":0,"ks":{"a":{"a":0,"k":[99.995,99.995,0],"ix":1},"s":{"a":0,"k":[100,100,100],"ix":6},"sk":{"a":0,"k":0},"p":{"a":0,"k":[99.995,99.995,0],"ix":2},"sa":{"a":0,"k":0},"o":{"a":0,"k":100,"ix":11},"r":{"a":0,"k":0,"ix":10}},"ef":[],"shapes":[{"ty":"gr","bm":0,"cl":"","ln":"","hd":false,"mn":"ADBE Vector Group","nm":"Group 1","ix":1,"cix":2,"np":4,"it":[{"ty":"sh","bm":0,"cl":"","ln":"","hd":false,"mn":"ADBE Vector Shape - Group","nm":"Path 1","ix":1,"d":1,"ks":{"a":0,"k":{"c":true,"i":[[13.439,0],[0,-13.438],[0,0],[-13.439,0],[0,13.443],[0,0]],"o":[[-13.439,0],[0,0],[0,13.443],[13.439,0],[0,0],[0,-13.438]],"v":[[0,-54.301],[-24.369,-29.932],[-24.369,29.927],[0,54.301],[24.369,29.927],[24.369,-29.932]]},"ix":2}},{"ty":"sh","bm":0,"cl":"","ln":"","hd":false,"mn":"ADBE Vector Shape - Group","nm":"Path 2","ix":2,"d":1,"ks":{"a":0,"k":{"c":true,"i":[[20.902,0],[0,20.907],[0,0],[-20.907,0],[0,-20.907],[0,0]],"o":[[-20.907,0],[0,0],[0,-20.907],[20.902,0],[0,0],[0,20.907]],"v":[[0,67.849],[-37.917,29.927],[-37.917,-29.932],[0,-67.849],[37.917,-29.932],[37.917,29.927]]},"ix":2}},{"ty":"mm","bm":0,"cl":"","ln":"","hd":false,"mn":"ADBE Vector Filter - Merge","nm":"Merge Paths 1","mm":1},{"ty":"fl","bm":0,"cl":"","ln":"","hd":false,"mn":"ADBE Vector Graphic - Fill","nm":"Fill 1","c":{"a":0,"k":[0.1608,0.7294,0.902],"ix":4},"r":1,"o":{"a":0,"k":100,"ix":5}},{"ty":"tr","a":{"a":0,"k":[0,0],"ix":1},"s":{"a":0,"k":[100,100],"ix":3},"sk":{"a":0,"k":0,"ix":4},"p":{"a":0,"k":[100.486,71.544],"ix":2},"r":{"a":0,"k":0,"ix":6},"sa":{"a":0,"k":0,"ix":5},"o":{"a":0,"k":100,"ix":7}}]}],"ind":2},{"ty":4,"nm":"wave","mn":"","sr":1,"st":0,"op":720,"ip":0,"hd":false,"cl":"","ln":"","ddd":0,"bm":0,"hasMask":false,"ao":0,"ks":{"a":{"a":0,"k":[1.22,33,0],"ix":1},"s":{"a":1,"k":[{"o":{"x":0.59,"y":0},"i":{"x":0.41,"y":1},"s":[89,0,100],"t":0},{"o":{"x":0.547,"y":0},"i":{"x":0.24,"y":1},"s":[89,94,100],"t":4},{"o":{"x":0.784,"y":0},"i":{"x":0.456,"y":1},"s":[89,54,100],"t":7},{"o":{"x":0.54,"y":0},"i":{"x":0.667,"y":1},"s":[89,95,100],"t":12},{"o":{"x":0.6,"y":0},"i":{"x":0.667,"y":1},"s":[89,36,100],"t":16},{"o":{"x":0.66,"y":0},"i":{"x":0.667,"y":1},"s":[89,109,100],"t":20},{"o":{"x":0.167,"y":0.167},"i":{"x":0.833,"y":0.833},"s":[89,34,100],"t":22}],"ix":6},"sk":{"a":0,"k":0},"p":{"a":0,"k":[101,128,0],"ix":2},"sa":{"a":0,"k":0},"o":{"a":1,"k":[{"o":{"x":0.167,"y":0.167},"i":{"x":0.833,"y":0.833},"s":[0],"t":2},{"o":{"x":0.167,"y":0.167},"i":{"x":0.833,"y":0.833},"s":[100],"t":3}],"ix":11},"r":{"a":0,"k":0,"ix":10}},"ef":[],"shapes":[{"ty":"gr","bm":0,"cl":"","ln":"","hd":false,"mn":"ADBE Vector Group","nm":"Rectangle 1","ix":1,"cix":2,"np":3,"it":[{"ty":"rc","bm":0,"cl":"","ln":"","hd":false,"mn":"ADBE Vector Shape - Rect","nm":"Rectangle Path 1","d":1,"p":{"a":0,"k":[0,0],"ix":3},"r":{"a":0,"k":10,"ix":4},"s":{"a":0,"k":[62.934,92.652],"ix":2}},{"ty":"st","bm":0,"cl":"","ln":"","hd":false,"mn":"ADBE Vector Graphic - Stroke","nm":"Stroke 1","lc":1,"lj":1,"ml":4,"o":{"a":0,"k":100,"ix":4},"w":{"a":0,"k":0,"ix":5},"d":[],"c":{"a":0,"k":[0.1608,0.7294,0.902],"ix":3}},{"ty":"fl","bm":0,"cl":"","ln":"","hd":false,"mn":"ADBE Vector Graphic - Fill","nm":"Fill 1","c":{"a":0,"k":[0.1608,0.7294,0.902],"ix":4},"r":1,"o":{"a":0,"k":100,"ix":5}},{"ty":"tr","a":{"a":0,"k":[0,0],"ix":1},"s":{"a":0,"k":[100,100],"ix":3},"sk":{"a":0,"k":0,"ix":4},"p":{"a":0,"k":[-0.533,-13.674],"ix":2},"r":{"a":0,"k":0,"ix":6},"sa":{"a":0,"k":0,"ix":5},"o":{"a":0,"k":100,"ix":7}}]}],"ind":3}],"ddd":0,"h":200,"w":200,"meta":{"a":"","k":"","d":"","g":"LottieFiles AE 1.0.0","tc":"#000000"},"v":"4.8.0","fr":24,"op":24,"ip":0,"assets":[]}