{"v":"4.8.0","meta":{"g":"LottieFiles AE 1.0.0","a":"","k":"","d":"","tc":""},"fr":24,"ip":0,"op":24,"w":200,"h":200,"nm":"mic","ddd":0,"assets":[],"layers":[{"ddd":0,"ind":1,"ty":4,"nm":"bottom","sr":1,"ks":{"o":{"a":0,"k":100,"ix":11},"r":{"a":0,"k":0,"ix":10},"p":{"a":0,"k":[99.995,99.995,0],"ix":2},"a":{"a":0,"k":[99.995,99.995,0],"ix":1},"s":{"a":0,"k":[100,100,100],"ix":6}},"ao":0,"shapes":[{"ty":"gr","it":[{"ind":0,"ty":"sh","ix":1,"ks":{"a":0,"k":{"i":[[3.741,0],[0,-3.741],[1.955,-5.433],[22.102,0],[7.341,20.359],[0,5.829],[3.741,0],[0,-3.741],[-2.49,-6.915],[-25.14,-2.432],[0,-0.008],[0,0],[-3.741,0],[0,3.741],[0,0],[0.001,0.027],[-8.463,23.48],[0,7.402]],"o":[[-3.741,0],[0,5.829],[-7.35,20.359],[-22.102,0],[-1.96,-5.433],[0,-3.741],[-3.741,0],[0,7.402],[8.555,23.714],[0,0.007],[0,0],[0,3.741],[3.741,0],[0,0],[0,-0.029],[24.83,-2.683],[2.494,-6.915],[0,-3.741]],"v":[[58.954,-50.204],[52.18,-43.43],[49.232,-26.453],[-0.003,7.585],[-49.229,-26.453],[-52.18,-43.43],[-58.954,-50.204],[-65.727,-43.43],[-61.973,-21.861],[-6.395,20.639],[-6.398,20.661],[-6.398,43.43],[0.376,50.203],[7.149,43.43],[7.149,20.661],[7.133,20.582],[61.967,-21.861],[65.727,-43.43]],"c":true},"ix":2},"nm":"Path 1","mn":"ADBE Vector Shape - Group","hd":false},{"ty":"fl","c":{"a":0,"k":[0.364705882353,0.690196078431,0.509803921569,1],"ix":4},"o":{"a":0,"k":100,"ix":5},"r":1,"bm":0,"nm":"Fill 1","mn":"ADBE Vector Graphic - Fill","hd":false},{"ty":"tr","p":{"a":0,"k":[99.94,145.269],"ix":2},"a":{"a":0,"k":[0,0],"ix":1},"s":{"a":0,"k":[100,100],"ix":3},"r":{"a":0,"k":0,"ix":6},"o":{"a":0,"k":100,"ix":7},"sk":{"a":0,"k":0,"ix":4},"sa":{"a":0,"k":0,"ix":5},"nm":"Transform"}],"nm":"Group 1","np":2,"cix":2,"bm":0,"ix":1,"mn":"ADBE Vector Group","hd":false}],"ip":0,"op":720,"st":0,"bm":0},{"ddd":0,"ind":2,"ty":4,"nm":"top","sr":1,"ks":{"o":{"a":0,"k":100,"ix":11},"r":{"a":0,"k":0,"ix":10},"p":{"a":0,"k":[99.995,99.995,0],"ix":2},"a":{"a":0,"k":[99.995,99.995,0],"ix":1},"s":{"a":0,"k":[100,100,100],"ix":6}},"ao":0,"shapes":[{"ty":"gr","it":[{"ind":0,"ty":"sh","ix":1,"ks":{"a":0,"k":{"i":[[13.439,0],[0,-13.438],[0,0],[-13.439,0],[0,13.443],[0,0]],"o":[[-13.439,0],[0,0],[0,13.443],[13.439,0],[0,0],[0,-13.438]],"v":[[0,-54.301],[-24.369,-29.932],[-24.369,29.927],[0,54.301],[24.369,29.927],[24.369,-29.932]],"c":true},"ix":2},"nm":"Path 1","mn":"ADBE Vector Shape - Group","hd":false},{"ind":1,"ty":"sh","ix":2,"ks":{"a":0,"k":{"i":[[20.902,0],[0,20.907],[0,0],[-20.907,0],[0,-20.907],[0,0]],"o":[[-20.907,0],[0,0],[0,-20.907],[20.902,0],[0,0],[0,20.907]],"v":[[0,67.849],[-37.917,29.927],[-37.917,-29.932],[0,-67.849],[37.917,-29.932],[37.917,29.927]],"c":true},"ix":2},"nm":"Path 2","mn":"ADBE Vector Shape - Group","hd":false},{"ty":"mm","mm":1,"nm":"Merge Paths 1","mn":"ADBE Vector Filter - Merge","hd":false},{"ty":"fl","c":{"a":0,"k":[0.364705882353,0.690196078431,0.509803921569,1],"ix":4},"o":{"a":0,"k":100,"ix":5},"r":1,"bm":0,"nm":"Fill 1","mn":"ADBE Vector Graphic - Fill","hd":false},{"ty":"tr","p":{"a":0,"k":[100.486,71.544],"ix":2},"a":{"a":0,"k":[0,0],"ix":1},"s":{"a":0,"k":[100,100],"ix":3},"r":{"a":0,"k":0,"ix":6},"o":{"a":0,"k":100,"ix":7},"sk":{"a":0,"k":0,"ix":4},"sa":{"a":0,"k":0,"ix":5},"nm":"Transform"}],"nm":"Group 1","np":4,"cix":2,"bm":0,"ix":1,"mn":"ADBE Vector Group","hd":false}],"ip":0,"op":720,"st":0,"bm":0},{"ddd":0,"ind":3,"ty":4,"nm":"wave","sr":1,"ks":{"o":{"a":1,"k":[{"i":{"x":[0.833],"y":[0.833]},"o":{"x":[0.167],"y":[0.167]},"t":2,"s":[0]},{"t":3,"s":[100]}],"ix":11},"r":{"a":0,"k":0,"ix":10},"p":{"a":0,"k":[101,128,0],"ix":2},"a":{"a":0,"k":[1.22,33,0],"ix":1},"s":{"a":1,"k":[{"i":{"x":[0.41,0.54,0.667],"y":[1,1,1]},"o":{"x":[0.59,1,0.333],"y":[0,0,0]},"t":0,"s":[89,0,100]},{"i":{"x":[0.24,0,0.667],"y":[1,1,1]},"o":{"x":[0.547,0.56,0.333],"y":[0,0,0]},"t":4,"s":[89,94,100]},{"i":{"x":[0.456,0.208,0.667],"y":[1,1,1]},"o":{"x":[0.784,0.928,0.333],"y":[0,0,0]},"t":7,"s":[89,54,100]},{"i":{"x":[0.667,0.667,0.667],"y":[1,1,1]},"o":{"x":[0.54,1,0.333],"y":[0,0,0]},"t":12,"s":[89,95,100]},{"i":{"x":[0.667,0.667,0.667],"y":[1,1,1]},"o":{"x":[0.6,1,0.333],"y":[0,0,0]},"t":16,"s":[89,36,100]},{"i":{"x":[0.667,0.667,0.667],"y":[1,1,1]},"o":{"x":[0.66,1,0.333],"y":[0,0,0]},"t":20,"s":[89,109,100]},{"t":22,"s":[89,34,100]}],"ix":6}},"ao":0,"shapes":[{"ty":"gr","it":[{"ty":"rc","d":1,"s":{"a":0,"k":[62.934,92.652],"ix":2},"p":{"a":0,"k":[0,0],"ix":3},"r":{"a":0,"k":10,"ix":4},"nm":"Rectangle Path 1","mn":"ADBE Vector Shape - Rect","hd":false},{"ty":"st","c":{"a":0,"k":[0.113724996529,0.631372967888,0.949020026712,1],"ix":3},"o":{"a":0,"k":100,"ix":4},"w":{"a":0,"k":0,"ix":5},"lc":1,"lj":1,"ml":4,"bm":0,"nm":"Stroke 1","mn":"ADBE Vector Graphic - Stroke","hd":false},{"ty":"fl","c":{"a":0,"k":[0.364705882353,0.690196078431,0.509803921569,1],"ix":4},"o":{"a":0,"k":100,"ix":5},"r":1,"bm":0,"nm":"Fill 1","mn":"ADBE Vector Graphic - Fill","hd":false},{"ty":"tr","p":{"a":0,"k":[-0.533,-13.674],"ix":2},"a":{"a":0,"k":[0,0],"ix":1},"s":{"a":0,"k":[100,100],"ix":3},"r":{"a":0,"k":0,"ix":6},"o":{"a":0,"k":100,"ix":7},"sk":{"a":0,"k":0,"ix":4},"sa":{"a":0,"k":0,"ix":5},"nm":"Transform"}],"nm":"Rectangle 1","np":3,"cix":2,"bm":0,"ix":1,"mn":"ADBE Vector Group","hd":false}],"ip":0,"op":720,"st":0,"bm":0}],"markers":[]}